loan_grade,total_customers,default_customers,default_rate_percent,avg_income,avg_loan_amount,avg_dti
G,64,63,98.44,76773.296875,17195.703125,0.42659353125
F,241,170,70.54,77008.73029045643,14717.323651452281,0.39134600829875515
E,964,621,64.42,70873.10684647303,12915.845435684647,0.3817319491701245
D,3626,2141,59.05,63663.68201875345,10849.241588527302,0.36686867402095974
C,6458,1339,20.73,64921.936203158875,9213.862650975534,0.3448552847630845
B,10451,1701,16.28,66354.83915414792,9995.483685771696,0.3506161506075974
A,10777,1073,9.96,66568.20720051962,8539.273452723392,0.32810590080727475
