loan_intent,total_customers,default_customers,default_rate_percent,avg_loan_amount,avg_interest_rate
DEBTCONSOLIDATION,5212,1490,28.59,9594.886799693017,10.98392555640829
MEDICAL,6071,1621,26.7,9259.58244111349,11.053025860648987
HOMEIMPROVEMENT,3605,941,26.1,10360.520110957004,11.182701803051318
PERSONAL,5521,1098,19.89,9573.772867234196,10.997466038761095
EDUCATION,6453,1111,17.22,9482.678599101193,10.953950100728344
VENTURE,5719,847,14.81,9583.777758349363,10.952404266480155
