country,total_customers,default_rate_percent,avg_dti,avg_credit_utilization
Canada,10785,21.86,0.3456081006954103,0.503906731015299
USA,10852,21.86,0.3455587646516771,0.49835492830814593
UK,10944,21.73,0.34446699716739765,0.49743679641812866
