risk_level,total_customers,default_customers,default_rate_percent,avg_risk_index,avg_risk_behavior
Low Risk,9137,1165,12.75,0.19230283364342782,1.5274160008755608
Medium Risk,19389,3975,20.5,0.34238823286399506,1.5414925988962813
High Risk,3940,1880,47.72,0.5083617469543147,1.5571065989847717
Very High Risk,115,88,76.52,0.6936436434782609,1.4956521739130435
